route_id,direction,start_time
12,ida,05:40
12,ida,06:10
12,ida,06:25
12,ida,06:40
12,ida,06:50
12,ida,07:10
12,ida,07:15
12,ida,07:40
12,ida,08:20
12,ida,09:00
12,ida,09:40
12,ida,11:00
12,ida,11:20
12,ida,11:45
12,ida,12:20
12,ida,12:40
12,ida,13:20
12,ida,11:00
12,ida,14:05
12,ida,15:05
12,ida,15:50
12,ida,16:35
12,ida,17:30
12,ida,18:05
12,ida,18:30
12,ida,18:50
12,ida,20:00
12,ida,21:09

14,ida,02:35
14,ida,03:20
14,ida,05:40
14,ida,07:15
14,ida,09:20
14,ida,10:40
14,ida,11:40
14,ida,12:20
12,ida,14:20
14,ida,15:40
14,ida,16:30
14,ida,17:40
14,ida,18:30
14,ida,20:00
14,ida,22:50
14,ida,23:35