stop_id,latitude,longitude,lines,road_type
P001,-22.2297,-54.8059,12,primary
P002,-22.2273,-54.8071,12,primary
P003,-22.2280,-54.8137,12,primary
P004,-22.2284,-54.8173,12,primary
P005,-22.2288,-54.8212,12,primary
P006,-22.2292,-54.8247,12,primary
P007,-22.2296,-54.8282,12,primary
P008,-22.2280904,-54.8300429,12,primary
P009,-22.224691,-54.830513,12,primary
P010,-22.223400,-54.832205,12,primary
P011,-22.2215619,-54.8351815,12,primary
P012,-22.2193,-54.8393,12,primary
P013,-22.2157,-54.8453,12,primary
P014,-22.2142,-54.8480,12,primary
P015,-22.2123,-54.8509,12,primary
P016,-22.2078,-54.8584,12,primary
P017,-22.1991,-54.8734,12,motorway
P018,-22.1965,-54.8901,12,motorway
P019,-22.1952,-54.8995,12,motorway
P020,-22.1943,-54.9058,12,motorway
P021,-22.1936,-54.9116,12,motorway
P022,-22.1920,-54.9223,12,motorway
P023,-22.1952,-54.9279,12,residential
P024,-22.1959,-54.9298,12,residential
P025,-22.1962602,-54.9320376,12,residential
P101,-22.2297,-54.8059,14,primary
P102,-22.2309,-54.8071,14,primary
P103,-22.2339,-54.8073,14,primary
P104,-22.2382,-54.8068,14,primary
P105,-22.2420,-54.8063,14,primary
P106,-22.2440,-54.8060,14,primary
P107,-22.2470,-54.8057,14,primary
P108,-22.2492,-54.8054,14,primary
P109,-22.2499,-54.8089,14,residential
P110,-22.2501,-54.8114,14,residential
P111,-22.2525,-54.8118,14,residential
P112,-22.2542,-54.8116,14,residential
P113,-22.2548,-54.8138,14,residential
P114,-22.2553,-54.8167,14,residential
P115,-22.2573,-54.8161,14,residential
P116,-22.2570,-54.8141,14,residential
P117,-22.2570,-54.8114,14,residential
P118,-22.2585,-54.8111,14,residential
P119,-22.2598,-54.8114,14,residential